id,url,period,rubric
c088233fd538800c,https://www.ukrinform.ua/rubric-ato/3702955-cerez-rosijsku-agresiu-v-ukraini-postrazdali-vze-960-ditej.html,P0,rubric-ato
386890887b264fb5,https://www.ukrinform.ua/rubric-ato/3702973-v-ukraini-vvazautsa-zniklimi-398-ditej.html,P0,rubric-ato
25bc99c354223400,https://www.ukrinform.ua/rubric-ato/3703063-rf-rozpovsudila-cergovij-fejk-pro-nibito-urazenna-140-cilej-zsu-vnaslidok-nicnoi-ataki.html,P0,rubric-ato
80b621e2a1f96da9,https://www.ukrinform.ua/rubric-ato/3703535-foto-video-i-listi-ne-e-oficijnou-informacieu-pro-perebuvanna-v-poloni-koordstab.html,P0,rubric-ato
70ccb29753808f1f,https://www.ukrinform.ua/rubric-ato/3703869-vorog-obstrilav-z-artilerii-ta-minometiv-se-cotiri-naseleni-punkti-sumsini-i-cernigivsini.html,P0,rubric-ato
dedbff3bcccf22f7,https://www.ukrinform.ua/rubric-ato/3704049-ssa-vidpravlat-ukraini-paket-vijskovoi-dopomogi-na-300-miljoniv-zmi.html,P0,rubric-ato
ce8ce59c74a4defd,https://www.ukrinform.ua/rubric-ato/3704350-ukraina-napravit-pilotiv-na-navcanna-vidrazu-pisla-risenna-pro-nadanna-f16-ignat.html,P0,rubric-ato
6fe736fa82a0a71f,https://www.ukrinform.ua/rubric-ato/3704617-ponad-80-rosijskih-vijskovopolonenih-nevdovoleni-nakazami-kerivnictva.html,P0,rubric-ato
63f253276f41b094,https://www.ukrinform.ua/rubric-ato/3704703-zitomir-peredav-vijskovim-vantazivki-teplovizori-ta-dron.html,P0,rubric-ato
7c866966444933c7,https://www.ukrinform.ua/rubric-ato/3704910-u-hersoni-cutno-gucni-vibuhi.html,P0,rubric-ato
7ecefd975436b1db,https://www.ukrinform.ua/rubric-ato/3704911-derzdep-stati-nikoli-ne-vidvernutsa-vid-togo-so-vidbuvaetsa-v-ukraini.html,P0,rubric-ato
f80d672a3414f0ba,https://www.ukrinform.ua/rubric-ato/3705405-rosiani-znovu-obstrilali-prikordonna-cernigivsini.html,P0,rubric-ato
2823305597456ee0,https://www.ukrinform.ua/rubric-ato/3705515-u-rosii-skasuvali-nizku-urocistostej-na-9-travna-cerez-strah-na-tli-vijni-rozvidka-britanii.html,P0,rubric-ato
49d0ca66dad568cc,https://www.ukrinform.ua/rubric-ato/3705785-vijskovi-pisla-povernenna-z-polonu-mozut-prohoditi-likuvanna-ta-reabilitaciu-za-kordonom.html,P0,rubric-ato
327695b8309a9548,https://www.ukrinform.ua/rubric-ato/3707693-vijska-rf-trici-obstrilali-prikordonna-sumsini-ta-cernigivsini.html,P0,rubric-ato
c715e6771cdcd514,https://www.ukrinform.ua/rubric-ato/3707964-vin-mriav-stati-kinoreziserom.html,P0,rubric-ato
15893b9e412d3f8f,https://www.ukrinform.ua/rubric-ato/3708019-prezident-shvaliv-kompleksnij-strategicnij-plan-reformuvanna-sistemi-pravoporadku.html,P0,rubric-ato
8842de9bf15b2a9b,https://www.ukrinform.ua/rubric-ato/3708541-robota-nad-stvorennam-idealnoi-ukrainskoi-armii-trivae-popri-vijnu-zaluznij.html,P0,rubric-ato
2fc3c3edb189e712,https://www.ukrinform.ua/rubric-ato/3708578-zsu-znisili-vze-198-260-rosijskih-zagarbnikiv.html,P0,rubric-ato
1c01b7034f7cfa30,https://www.ukrinform.ua/rubric-ato/3708696-ukrainski-vijska-ruhautsa-vpered-na-deakih-dilankah-bahmutskogo-napramku-sirskij.html,P0,rubric-ato
d58ffaa576a7b191,https://www.ukrinform.ua/rubric-ato/3708771-zelenskij-v-italii-e-duze-vazlivi-risenna-sodo-zahistu-nasogo-neba.html,P0,rubric-ato
1da060814a741464,https://www.ukrinform.ua/rubric-ato/3708798-vorog-obstrilav-hersonsinu-poraneni-troe-civilnih.html,P0,rubric-ato
392e459627877e86,https://www.ukrinform.ua/rubric-ato/3708807-agresia-rf-proti-ukraini-spricinila-rekordne-zrostanna-oboronnih-vitrat-u-sviti-borrel.html,P0,rubric-ato
7e5ac63c996cf808,https://www.ukrinform.ua/rubric-ato/3709155-na-cotiroh-napramkah-frontu-za-dobu-blizko-30-bojovih-zitknen.html,P0,rubric-ato
0a3126573ee94342,https://www.ukrinform.ua/rubric-ato/3709236-norvegia-cogoric-provede-navcanna-dla-3200-ukrainskih-vijskovih.html,P0,rubric-ato
a36f0267f733fcda,https://www.ukrinform.ua/rubric-ato/3709413-rosia-vivela-raketonosij-v-azovske-more-zagalnij-zalp-visim-kalibriv.html,P0,rubric-ato
8cad0ffd29e4e491,https://www.ukrinform.ua/rubric-ato/3715308-u-genstabi-utocnili-kilkist-zbitih-unoci-droniv-58-iz-59.html,P0,rubric-ato
2fc0af4bad86f92c,https://www.ukrinform.ua/rubric-ato/3715681-na-hersonsini-vnaslidok-obstrilu-colovik-zaginuv-u-vlasnomu-budinku.html,P0,rubric-ato
871abf737d8d4547,https://www.ukrinform.ua/rubric-ato/3718966-rosia-trimae-u-cornomu-j-azovskomu-morah-visim-korabliv-nosiiv-kalibriv-nemae.html,P0,rubric-ato
448ccbaf0c686818,https://www.ukrinform.ua/rubric-ato/3730873-admiral-nato-pro-kontrnastup-ukraini-ce-ne-prosto-progulanka.html,P0,rubric-ato
c1c8db84ced54cae,https://www.ukrinform.ua/rubric-ato/3731487-zsu-poperedzaut-pro-mozlivu-pidgotovku-rosianami-provokacii-na-zaporizkij-aes.html,P0,rubric-ato
36ae8e472a55f8a1,https://www.ukrinform.ua/rubric-ato/3732793-armia-rf-obstrilala-zaporizza.html,P0,rubric-ato
53113cd2f647f967,https://www.ukrinform.ua/rubric-ato/3737630-na-pivdni-rosiani-bili-po-portovij-ta-kriticnij-infrastrukturi-e-poraneni.html,P0,rubric-ato
9f15746f298e4de5,https://www.ukrinform.ua/rubric-ato/3741259-na-fronti-protagom-dobi-vidbulisa-30-bojovih-zitknen.html,P0,rubric-ato
71be159cbd118554,https://www.ukrinform.ua/rubric-ato/3744668-rosiani-ne-zmozut-svidko-vidnoviti-olenegorskij-gornak-rozvidka.html,P0,rubric-ato
3029c97bb5b46c3a,https://www.ukrinform.ua/rubric-ato/3746852-vorog-obstrilav-selo-podoli-na-harkivsini-e-zagibla-i-poranenij.html,P0,rubric-ato
6ae3421585a161e5,https://www.ukrinform.ua/rubric-ato/3747606-malar-prokomentuvala-situaciu-na-livomu-berezi-hersonsini-privodiv-dla-aziotazu-nemae.html,P0,rubric-ato
99d5be89351a6e65,https://www.ukrinform.ua/rubric-ato/3750261-komanduvac-nacgvardii-oznajomivsa-iz-pidgotovkou-ukrainskih-bijciv-u-britanii.html,P0,rubric-ato
59ee0bb14e9f9df5,https://www.ukrinform.ua/rubric-ato/3756424-na-sumsini-pid-obstril-potrapili-policejski-aki-dokumentuvali-naslidki-poperednoi-ataki.html,P0,rubric-ato
14053dd3bd67226e,https://www.ukrinform.ua/rubric-ato/3759682-sili-oboroni-uze-zvilnili-49-kvadratnih-kilometriv-na-bahmutskomu-napramku-malar.html,P0,rubric-ato
a1722015d834db58,https://www.ukrinform.ua/rubric-ato/3761966-stan-kadirova-ne-vpline-na-bojovi-dii-v-ukraini-ekspert.html,P0,rubric-ato
ebea239faadce1b7,https://www.ukrinform.ua/rubric-ato/3765739-demcenko-rozpoviv-skilki-vagnerivciv-zalisilosa-v-bilorusi.html,P0,rubric-ato
d0388e4ae08a12d8,https://www.ukrinform.ua/rubric-ato/3766175-u-hersoni-vnaslidok-rankovogo-obstrilu-rf-poraneni-dvi-ludini.html,P0,rubric-ato
1d176bc6183227f0,https://www.ukrinform.ua/rubric-ato/3766822-vorog-namagaetsa-vidbiti-pozicii-bila-klisiivki-ta-andriivki-trimaemo-oboronu-zsu.html,P0,rubric-ato
9eabc67ff8b335d3,https://www.ukrinform.ua/rubric-ato/3767624-ukraina-vikrila-verhivku-specsluzb-rf-pricetnih-do-diversij-na-vijskovih-skladah-na-lugansini-ta-u-cehii.html,P0,rubric-ato
bbecf67c857fdaed,https://www.ukrinform.ua/rubric-ato/3768260-glava-mincifri-pokazav-ak-vigladae-ukrainskij-bojovij-robot-lut.html,P0,rubric-ato
dd0eec396fd8e7b8,https://www.ukrinform.ua/rubric-ato/3773838-armia-rf-za-dobu-vipustila-po-pivdnu-ukraini-30-kerovanih-aviabomb-gumenuk.html,P0,rubric-ato
9d997025e99f3cff,https://www.ukrinform.ua/rubric-ato/3786822-ukrainski-artileristi-znisili-stanciu-reb-ta-kompleks-muromm-rosian.html,P1,rubric-ato
afe133610407a1e5,https://www.ukrinform.ua/rubric-ato/3789218-dva-postrili-gvozdiki-j-vorozu-pihotu-zniseno.html,P1,rubric-ato
66b7e04a12ed7ae3,https://www.ukrinform.ua/rubric-ato/3793438-na-pivdni-himars-usent-roznis-rosijsku-komandnostabnu-masinu.html,P1,rubric-ato
f3c20ffbefa8b4b0,https://www.ukrinform.ua/rubric-ato/3796935-ukrainski-fahivci-vivcaut-zbiti-modifikovani-bezpilotniki-rosian-ignat.html,P1,rubric-ato
fb63997b3b6f24dd,https://www.ukrinform.ua/rubric-ato/3800611-vorog-obstrilav-dniprovskij-rajon-hersona-e-poraneni.html,P1,rubric-ato
4bedaf1c0688458e,https://www.ukrinform.ua/rubric-ato/3803552-nimeccina-z-pocatku-vijni-nadala-ukraini-vijskovu-dopomogu-na-majze-6-milardiv.html,P1,rubric-ato
a21d92da4819e92e,https://www.ukrinform.ua/rubric-ato/3803737-u-zitomiri-silam-oboroni-peredali-partiu-pozaslahovikiv-ta-fpvdroniv.html,P1,rubric-ato
b16b1d7d6e291ed0,https://www.ukrinform.ua/rubric-ato/3804731-na-misca-strokovikiv-maut-prijti-mobilizovani-deputat-kostenko.html,P1,rubric-ato
aa4d50488196ceff,https://www.ukrinform.ua/rubric-ato/3805380-zsu-posilili-budivnictvo-fortifikacijnih-sporud-na-tavrijskomu-napramku.html,P1,rubric-ato
c031cd5dd04b5be0,https://www.ukrinform.ua/rubric-ato/3811675-vorog-atakuvav-dnipropetrovsinu-v-dvoh-rajonah-culi-vibuhi.html,P1,rubric-ato
74350b87b8927eb7,https://www.ukrinform.ua/rubric-ato/3817066-vorog-posilue-zastosuvanna-artilerii-ta-droniv-na-pivdni-ukraini-gumenuk.html,P1,rubric-ato
240a3b179bd1bb53,https://www.ukrinform.ua/rubric-ato/3826266-dodaemo-bilse-mozlivostej-mobilnim-vognevim-grupam-zelenskij.html,P1,rubric-ato
5f5e7e887ba56792,https://www.ukrinform.ua/rubric-ato/3828076-v-avdiivci-tocatsa-zapekli-boi-vorog-sturmue-z-kilkoh-napramkiv-tarnavskij.html,P1,rubric-ato
8ab90343a133e7ea,https://www.ukrinform.ua/rubric-ato/3828264-rosijski-vijska-obstriluut-harkivsinu.html,P1,rubric-ato
52058887404dfd1d,https://www.ukrinform.ua/rubric-ato/3832145-zelenskij-zaaviv-so-pidgotovka-oboronnih-rubeziv-vidpovidalnist-golovkoma-ta-ministra-oboroni.html,P1,rubric-ato
96c35730ac4cf3b2,https://www.ukrinform.ua/rubric-ato/3841966-vijskovij-rozpoviv-cim-motivovanij-vorog-i-pro-so-zabuvaut-ukrainci.html,P1,rubric-ato
d466f3e50b894f1d,https://www.ukrinform.ua/rubric-ato/3845275-agencia-oboronnih-zakupivel-pridbae-4-tisaci-droniv-za-ramkovou-ugodou-iz-prozorro.html,P1,rubric-ato
af552f189d108538,https://www.ukrinform.ua/rubric-ato/3845586-ppo-vnoci-znisila-26-iz-28-dronivkamikadze-akimi-atakuvala-rf.html,P1,rubric-ato
eb2fdc6e3505dc5a,https://www.ukrinform.ua/rubric-ato/3846535-nastup-na-harkiv-neposilne-zavdanna-dla-voroga.html,P1,rubric-ato
0eae52db16102b2c,https://www.ukrinform.ua/rubric-ato/3848709-vorog-vnoci-namagavsa-atakuvati-dronami-energeticni-obekti-na-odesini.html,P1,rubric-ato
e9945aed16fabd88,https://www.ukrinform.ua/rubric-ato/3850736-unaslidok-obstrilu-lipciv-na-harkivsini-zaginula-ditina-dvoe-ludej-poraneni.html,P1,rubric-ato
f70e18f671a60536,https://www.ukrinform.ua/rubric-ato/3851026-rosijska-armia-vbila-v-ukraini-vze-542-ditini.html,P1,rubric-ato
bfd6d8c66681252e,https://www.ukrinform.ua/rubric-ato/3855059-na-odesini-vnaslidok-vorozogo-raketnogo-udaru-postrazdali-cetvero-ludej.html,P1,rubric-ato
82c3447b8558e3c9,https://www.ukrinform.ua/rubric-ato/3855098-zelenskij-zasluhav-dopovid-sirskogo-pro-najbils-garaci-tocki-frontu.html,P1,rubric-ato
39201afabd9c968c,https://www.ukrinform.ua/rubric-ato/4015842-ppo-za-nic-zbila-36-iz-64-rosijskih-bezpilotnikiv-se-5-lokacijno-vtraceni.html,P2,rubric-ato
80504bae89faad7b,https://www.ukrinform.ua/rubric-ato/4016254-rosijsk-armia-vtratila-na-vijni-v-ukraini-se-1180-vijskovih.html,P2,rubric-ato
a48149ab8830a42d,https://www.ukrinform.ua/rubric-ato/4021624-na-fronti-za-dobu-vidbulosa-138-zitknen-najgaracisij-pokrovskij-napramok.html,P2,rubric-ato
0b272ba719c40360,https://www.ukrinform.ua/rubric-ato/4026000-gromada-lvova-peredala-vijskovim-tehniki-ta-obladnanna-na-ponad-11-miljoniv.html,P2,rubric-ato
2a124259a1e6bf9c,https://www.ukrinform.ua/rubric-ato/4030067-pamati-aviatora-j-mislivca-na-sahediv-kostantina-oborina.html,P2,rubric-ato
afffebc8ff425473,https://www.ukrinform.ua/rubric-ato/4032286-na-fronti-za-dobu-vidbulosa-166-zitknen-najbilse-atak-na-pokrovskomu-ta-novopavlivskomu-napramkah.html,P2,rubric-ato
3878450924ec2a4c,https://www.ukrinform.ua/rubric-ato/4036274-rosijska-armia-za-dobu-vtratila-se-880-vijskovih.html,P2,rubric-ato
de6e92f2be48a488,https://www.ukrinform.ua/rubric-ato/4043032-pamati-volontera-soldata-kostantina-uzvuka-pozivnij-stambul.html,P2,rubric-ato
c596e95071ed108a,https://www.ukrinform.ua/rubric-ato/4044907-u-kievi-ta-nizci-oblastej-ogolosili-povitranu-trivogu.html,P2,rubric-ato
3297e5e460e083a0,https://www.ukrinform.ua/rubric-ato/4053376-na-kupanskomu-napramku-nacgvardijci-znisili-pivnicnokorejsku-rszv-type75.html,P2,rubric-ato
a7f43051415d962d,https://www.ukrinform.ua/rubric-ato/4054152-specpriznacenci-sbu-urazili-rosijski-skladi-ta-bazi-na-timcasovo-okupovanih-teritoriah.html,P2,rubric-ato
5e489159d85c63c5,https://www.ukrinform.ua/rubric-ato/4064188-ppo-zneskodila-558-rosijskih-bezpilotnikiv-ta-19-raket.html,P2,rubric-ato
bd57101605512121,https://www.ukrinform.ua/rubric-ato/4064893-vid-pocatku-dobi-na-fronti-138-zitknenna-sili-oboroni-provodat-kontrdiversijni-zahodi-u-rajoni-pokrovska.html,P2,rubric-ato
7b884cdb3971e5b6,https://www.ukrinform.ua/rubric-economy/3703189-biznes-pokrasiv-svoi-dilovi-ocikuvanna-u-kvitni-nacbank.html,P0,rubric-economy
0bb66f14e6848821,https://www.ukrinform.ua/rubric-economy/3704898-problemu-importu-ukrainskogo-zerna-v-susidni-kraini-es-treba-virisuvati-v-dusi-solidarnosti-kacka.html,P0,rubric-economy
39f75e286e0e7863,https://www.ukrinform.ua/rubric-economy/3705240-evrokomisia-shvalila-polsku-programu-derzpidtrimki-agrariiv-na-435-miljoniv.html,P0,rubric-economy
057a3f4b84441348,https://www.ukrinform.ua/rubric-economy/3711076-gralnij-biznes-comu-j-pisla-reformuvanna-galuzi-budzet-vtracae-milardi.html,P0,rubric-economy
4425e96682a05b5b,https://www.ukrinform.ua/rubric-economy/3716231-ukrnafta-za-i-kvartal-splatila-majze-12-milarda-podatku-na-pributok.html,P0,rubric-economy
270497801230fcca,https://www.ukrinform.ua/rubric-economy/3720397-rf-namagaetsa-domogtisa-postupok-sodo-truboprovodu-amiaku-v-ukraini-britanska-rozvidka.html,P0,rubric-economy
a0da353d4e8dcea3,https://www.ukrinform.ua/rubric-economy/3725752-rozvitok-agrarnih-i-energeticnih-potuznostej-ukraini-ubezpecit-svit-vid-haosu-zelenskij.html,P0,rubric-economy
798de1918391122c,https://www.ukrinform.ua/rubric-economy/3732172-derzavi-vidskoduvali-ponad-32-miljoni-u-spravi-pro-zlovzivanna-z-boku-posadovciv-casiv-anukovica.html,P0,rubric-economy
bde0e44cbe752647,https://www.ukrinform.ua/rubric-economy/3754850-nafta-dorozcae-cerez-uragan-ta-dani-pro-zapasi-u-ssa.html,P0,rubric-economy
6bf62e11197ef3a2,https://www.ukrinform.ua/rubric-economy/3774198-usda-prognozue-skorocenna-svitovogo-virobnictva-psenici.html,P0,rubric-economy
cc7f75867e45f1bd,https://www.ukrinform.ua/rubric-economy/3778311-marcenko-zustrivsa-z-novopriznacenim-nadzvicajnim-i-povnovaznim-poslom-kanadi-v-ukraini.html,P0,rubric-economy
131920aace7c7e61,https://www.ukrinform.ua/rubric-economy/3781031-castina-majbutnogo-ukrainskogo-fondu-mae-piti-na-rozvitok-gromad-golova-komitetu-evroparlamentu.html,P0,rubric-economy
39af41eaf290a699,https://www.ukrinform.ua/rubric-economy/3790173-blokuvanna-na-polskomu-kordoni-vihodit-za-mezi-zaavlenogo-strajku-asociacia-avtopereviznikiv.html,P1,rubric-economy
6d02cb98f6f72e9f,https://www.ukrinform.ua/rubric-economy/3790880-ukraina-mae-potencial-stati-patou-ekonomikou-es-kanadskij-ekspert.html,P1,rubric-economy
6d9d4511d63ce1cd,https://www.ukrinform.ua/rubric-economy/3798842-zelenskij-u-vasingtoni-zustrivsa-z-ocilniceu-mvf.html,P1,rubric-economy
d632741b9a8685ed,https://www.ukrinform.ua/rubric-economy/3799178-azerbajdzan-vidpraviv-ukraini-tretu-partiu-energeticnoi-dopomogi.html,P1,rubric-economy
2d2ffd050f0cb8da,https://www.ukrinform.ua/rubric-economy/3804329-cerez-blokuvanna-kordoniv-miz-polseu-ta-ukrainou-v-moldovi-podorozcala-kartopla-eastfruit.html,P1,rubric-economy
f4afafd5d4743dce,https://www.ukrinform.ua/rubric-economy/3809346-minfin-predstaviv-pat-klucovih-napramkiv-reformuvanna-derzmitsluzbi.html,P1,rubric-economy
83d73cce76182a31,https://www.ukrinform.ua/rubric-economy/3814259-dovoenni-potuznosti-zernovogo-koridoru-majze-vidnovleni-ekspert.html,P1,rubric-economy
51a75e899a36ab69,https://www.ukrinform.ua/rubric-economy/3832547-grupa-naftogaz-torik-vidobula-133-milarda-kubometriv-tovarnogo-gazu-cernisov.html,P1,rubric-economy
55b6c9b902009218,https://www.ukrinform.ua/rubric-economy/3835677-magate-vid-pocatku-vijni-nadalo-ukraini-obladnanna-dla-aes-na-85-miljona.html,P1,rubric-economy
b766b141eef72ab0,https://www.ukrinform.ua/rubric-economy/3842548-ekonomisti-proponuut-povernuti-progresivnu-skalu-opodatkuvanna-dohodiv.html,P1,rubric-economy
2f0cb9f973c14604,https://www.ukrinform.ua/rubric-economy/3846166-do-programi-eosela-priednavsa-se-odin-bank.html,P1,rubric-economy
2795a2d15c22bfcb,https://www.ukrinform.ua/rubric-economy/3851629-obmezenna-na-postacanna-elektriki-diut-u-dvoh-oblastah.html,P1,rubric-economy
de470d8805300a0d,https://www.ukrinform.ua/rubric-economy/4010321-nacbank-ogolosiv-oficijnij-kurs-grivni-na-2-lipna.html,P2,rubric-economy
bf19be18ed35cc14,https://www.ukrinform.ua/rubric-economy/4011563-nacbank-ogolosiv-oficijnij-kurs-grivni-na-7-lipna.html,P2,rubric-economy
a2dff2f8ecd37fbb,https://www.ukrinform.ua/rubric-economy/4017082-cini-na-naftu-stabilizuvalisa-v-ocikuvanni-vplivu-novih-sankcij-na-rf.html,P2,rubric-economy
adab244f0ef7ace2,https://www.ukrinform.ua/rubric-economy/4021207-za-piv-roku-v-ukraini-torgovelna-mereza-rozsirilasa-na-730-zakladiv.html,P2,rubric-economy
5e1cf47dcd5fb5bf,https://www.ukrinform.ua/rubric-economy/4026005-v-ukraini-desevsae-palne-aki-cini-na-azs.html,P2,rubric-economy
b525cd519efea7bb,https://www.ukrinform.ua/rubric-economy/4037369-derzavnu-castku-u-naftohimiku-prikarpatta-znovu-vistavili-na-torgi.html,P2,rubric-economy
defb25ccc6b1fc9a,https://www.ukrinform.ua/rubric-economy/4037902-marcenko-obgovoriv-z-glavou-nacbanku-francii-budzetni-potrebi-ukraini.html,P2,rubric-economy
3a2b0799fb86b27f,https://www.ukrinform.ua/rubric-economy/4051148-aponskij-bank-jbic-pidtrimuvatime-veliki-investproekti-v-ukraini.html,P2,rubric-economy
25868d7756d854ad,https://www.ukrinform.ua/rubric-economy/4055542-kompanii-rf-perehodat-u-rezim-vizivanna-rozvidka.html,P2,rubric-economy
2c02c48539a8f5bf,https://www.ukrinform.ua/rubric-economy/4055906-cini-na-zoloto-znovu-zrosli-do-4000-za-unciu-cerez-padinna-dolara-ta-satdaun-u-ssa.html,P2,rubric-economy
abee4437089888ad,https://www.ukrinform.ua/rubric-economy/4060578-vid-25-do-4-cerg-grafiki-vidklucen-svitla-u-cetver-diatimut-u-vsih-regionah.html,P2,rubric-economy
6cd958bdb3cbfec4,https://www.ukrinform.ua/rubric-economy/4067134-rosia-postacae-gaz-do-kitau-popri-sankcii-ssa-bloomberg.html,P2,rubric-economy
c5d2f3e770af9557,https://www.ukrinform.ua/rubric-polytics/3704669-agresia-rf-zminila-i-stavlenna-nato-do-ukraini-i-sam-alans-galibarenko.html,P0,rubric-polytics
835066470f292534,https://www.ukrinform.ua/rubric-polytics/3706816-komitet-rekomendue-vr-zakonoproekt-pro-vstanovlenna-8-travna-dnem-pamati-ta-peremogi-nad-nacizmom.html,P0,rubric-polytics
b26f98fd6123d7d5,https://www.ukrinform.ua/rubric-polytics/3709619-ssa-nadavatimut-ukraini-regularni-paketi-dopomogi-vprodovz-nastupnih-misaciv-bilij-dim.html,P0,rubric-polytics
9639e43d31ea67af,https://www.ukrinform.ua/rubric-polytics/3714490-rada-planue-najblizcim-casom-vidnoviti-edeklaruvanna-kornienko.html,P0,rubric-polytics
811ae0c9cc77caac,https://www.ukrinform.ua/rubric-polytics/3726660-smigal-iz-frazi-ukraina-majbutnij-clen-es-nastav-cas-vikresliti-slovo-majbutnij.html,P0,rubric-polytics
9bfbef9735c7d1c1,https://www.ukrinform.ua/rubric-polytics/3727901-dzemilev-putin-nahabno-brehav-sodo-mirnoi-ugodi-v-stambuli.html,P0,rubric-polytics
4f2634c030cc8e99,https://www.ukrinform.ua/rubric-polytics/3749119-glava-mzs-rumunii-zasudila-udari-rf-po-ukrainskih-zernoshovisah.html,P0,rubric-polytics
265b037fec0b826f,https://www.ukrinform.ua/rubric-polytics/3750080-ukraina-ta-rumunia-vidkriut-novij-punkt-propusku-na-kordoni-premeri-pidpisali-ugodu.html,P0,rubric-polytics
ee983654ae080911,https://www.ukrinform.ua/rubric-polytics/3763470-rosia-peretvorue-na-zbrou-prodovolstvo-energiu-deportaciu-ditej-prezident.html,P0,rubric-polytics
4414d2cb4880e22f,https://www.ukrinform.ua/rubric-polytics/3765001-vistup-volodimira-zelenskogo-na-urocistomu-zasidanni-parlamentu-kanadi-povnij-tekst.html,P0,rubric-polytics
817dac12a22eef99,https://www.ukrinform.ua/rubric-polytics/3765331-kandidat-u-prezidenti-ssa-desantis-zaaviv-so-vin-proti-clenstva-ukraini-v-nato.html,P0,rubric-polytics
8f8513f22425a770,https://www.ukrinform.ua/rubric-polytics/3779041-zelenskij-lideram-krain-es-novij-sankcijnij-paket-proti-rf-mae-buti-potuznisim-za-poperedni.html,P0,rubric-polytics
8f673f3f9d4f3507,https://www.ukrinform.ua/rubric-polytics/3786308-kuleba-nazvav-instrumenti-dla-zmicnenna-zvazkiv-iz-krainami-azii-afriki-ta-pivdennoi-ameriki.html,P1,rubric-polytics
2b4bd5db02898a83,https://www.ukrinform.ua/rubric-polytics/3799745-avstria-ne-blokue-vidkritta-peremovin-z-ukrainou-a-vidstoue-poziciu-sodo-insih-krain-stefanisina.html,P1,rubric-polytics
a814502ce0276cde,https://www.ukrinform.ua/rubric-polytics/3806685-golova-obse-zasudiv-masovanu-rosijsku-ataku-z-povitra-na-ukrainu.html,P1,rubric-polytics
71c341bd01fbf754,https://www.ukrinform.ua/rubric-polytics/3814047-slah-do-globalnogo-samitu-miru-vidkritij-smigal.html,P1,rubric-polytics
cdedcc8a857f9d2d,https://www.ukrinform.ua/rubric-polytics/3814220-z-rosieu-treba-mati-bazovu-diplomaticnu-komunikaciu-mzs-cehii.html,P1,rubric-polytics
76aea59628ca73cb,https://www.ukrinform.ua/rubric-polytics/3815815-urad-vnis-zmini-do-strategii-derzavnoi-migracijnoi-politiki-do-2025-roku.html,P1,rubric-polytics
326d32bfce4dcdac,https://www.ukrinform.ua/rubric-polytics/3818425-britania-v-obse-zaklikala-podvoiti-pidtrimku-ukraini.html,P1,rubric-polytics
6273ba6325bbae18,https://www.ukrinform.ua/rubric-polytics/3827236-ukraina-i-francia-proveli-cergovij-raund-peregovoriv-pro-garantii-bezpeki.html,P1,rubric-polytics
59b010193bacf373,https://www.ukrinform.ua/rubric-polytics/3838889-polsa-gotue-45j-paket-dopomogi-dla-ukraini-cikorskij.html,P1,rubric-polytics
0a25f7f46c6bb0c0,https://www.ukrinform.ua/rubric-polytics/3847674-pricker-obgovorue-v-krainah-evropi-dopomogu-ukraini.html,P1,rubric-polytics
372d2f97bd461b76,https://www.ukrinform.ua/rubric-polytics/3848008-garna-propozicia-latvia-pidtrimue-propoziciu-stoltenberga-pro-stvorenna-fondu-pidtrimki-ukraini.html,P1,rubric-polytics
aac350ec903c6278,https://www.ukrinform.ua/rubric-polytics/4014398-zelenskij-pidbiv-pidsumki-konferencii-z-vidnovlenna-u-rimi.html,P2,rubric-polytics
2bd51f3368f29c6b,https://www.ukrinform.ua/rubric-polytics/4019723-vijnu-potribno-zaversiti-zaraz-tureccina-gotova-provesti-zustric-na-rivni-lideriv-erdogan.html,P2,rubric-polytics
ee755797df6f86d1,https://www.ukrinform.ua/rubric-polytics/4024201-senator-grem-pripuskae-mozlivist-obminu-teritoriami-za-umov-nadanna-garantij-ukraini.html,P2,rubric-polytics
4a59f41d20202ae3,https://www.ukrinform.ua/rubric-polytics/4029469-smigal-i-premer-norvegii-vidvidali-pidpriemstvo-z-virobnictva-droniv.html,P2,rubric-polytics
7830a924e4c141f1,https://www.ukrinform.ua/rubric-polytics/4032866-translacii-zasidan-radi-ponovlat-z-nastupnogo-plenarnogo-tizna-urcisin.html,P2,rubric-polytics
b3de4322bcc5dfec,https://www.ukrinform.ua/rubric-polytics/4034664-koordinator-sistemi-oon-v-ukraini-svitlini-udaru-rosii-po-arovij-zahaut-navit-na-vijni-e-pravila.html,P2,rubric-polytics
9810f1297a1eee89,https://www.ukrinform.ua/rubric-polytics/4043140-zelenskij-pro-zustric-iz-trampom-mozlivo-matimemo-sos-bilse-dla-udariv-po-dalekobijnih-cilah.html,P2,rubric-polytics
9679b915584b9ab0,https://www.ukrinform.ua/rubric-polytics/4047787-tramp-vvazae-so-ukraina-hoce-perejti-v-nastup.html,P2,rubric-polytics
c232cf38292ac180,https://www.ukrinform.ua/rubric-polytics/4051600-tramp-vbacae-v-ukraini-partnera-z-biznesovimi-mozlivostami-ekspert.html,P2,rubric-polytics
f9fd4dc6ecc2ab94,https://www.ukrinform.ua/rubric-polytics/4055294-mzs-konvencia-z-prav-ludini-zalisaetsa-vazlivim-instrumentom-pritagnenna-rosii-do-vidpovidalnosti.html,P2,rubric-polytics
ccea4f70bc6a78e2,https://www.ukrinform.ua/rubric-polytics/4061994-spikeri-parlamentiv-ukraini-j-finlandii-obgovorili-spilnu-poziciu-sodo-majbutnih-mirnih-peregovoriv.html,P2,rubric-polytics
33fd49310ab95130,https://www.ukrinform.ua/rubric-polytics/4068729-tramp-rozcarovanij-rosieu-ta-ukrainou-i-pragne-dij-a-ne-rozmov-bilij-dim.html,P2,rubric-polytics
1fbb6189ffc4e156,https://www.ukrinform.ua/rubric-regions/3705924-na-odesinu-priletili-dvi-sotni-rozevih-flamingo.html,P0,rubric-regions
e2856d174f3b47c2,https://www.ukrinform.ua/rubric-regions/3707174-deputat-cornomorov-napolagae-na-gromadskomu-kontroli-za-spravou-eksprokurora-z-mikolaivsini.html,P0,rubric-regions
06024e1b2c633fc9,https://www.ukrinform.ua/rubric-regions/3712857-na-mikolaivsini-ppo-zbila-dva-droni-shahed.html,P0,rubric-regions
372ea257782f6742,https://www.ukrinform.ua/rubric-regions/3714474-u-zitomiri-ne-viavili-vibuhivki-u-zodnij-iz-troh-budivel-policia.html,P0,rubric-regions
3f00d038b7307dcb,https://www.ukrinform.ua/rubric-regions/3715519-na-kiivsini-vnaslidok-raketnoi-ataki-poskodzena-gospodarca-budivla.html,P0,rubric-regions
218c8348cdc5d9b6,https://www.ukrinform.ua/rubric-regions/3715592-na-lvivsini-stalasa-pozeza-u-pansionati-dla-litnih-zaginula-zinka.html,P0,rubric-regions
9eaddf2a350d1405,https://www.ukrinform.ua/rubric-regions/3728219-v-odesi-vidkrili-kulinarnij-hab-gotuvatimut-skilni-stravi-vid-klopotenka.html,P0,rubric-regions
a3def7e965598fb6,https://www.ukrinform.ua/rubric-regions/3741967-predstavniki-unesko-pribuli-v-odesu-dla-ocinki-zbitkiv-vid-rosijskih-obstriliv.html,P0,rubric-regions
23ee411eab39cfca,https://www.ukrinform.ua/rubric-regions/3742609-armia-rf-obstrilala-gimnaziu-u-bilozerci-na-hersonsini.html,P0,rubric-regions
d53467b300c2d5e2,https://www.ukrinform.ua/rubric-regions/3743191-na-lvivsini-vstanovili-sanitarnoservisni-moduli-na-pidizdah-do-punktiv-propusku.html,P0,rubric-regions
24fe012cecb0f111,https://www.ukrinform.ua/rubric-regions/3743769-na-pivnoci-zitomirsini-cerez-vlucanna-bliskavki-v-zaminovanu-dilanku-zrujnovano-dorogu.html,P0,rubric-regions
f933ae85d098e905,https://www.ukrinform.ua/rubric-regions/3748992-na-cernigivsini-znestrumleni-11-naselenih-punktiv.html,P0,rubric-regions
85f29faaacfcd861,https://www.ukrinform.ua/rubric-regions/3752411-voroza-armia-90-raziv-udarila-po-zaporizkij-oblasti.html,P0,rubric-regions
baf823e88871d5b0,https://www.ukrinform.ua/rubric-regions/3753023-na-goverli-vstanovili-nacionalnij-rekord-rozgornuli-prapor-ploseu-ponad-450-kvadratnih-metriv.html,P0,rubric-regions
a4ae2293fb0152bd,https://www.ukrinform.ua/rubric-regions/3753113-ukrinformivcu-sergiu-sajbodnaru-vrucili-vidznaku-za-zaslugi-pered-vinniccinou.html,P0,rubric-regions
e42453bb38255b05,https://www.ukrinform.ua/rubric-regions/3757447-na-kiivsini-policia-zupinila-na-blokpostu-panogo-vodia-zi-zbroeu.html,P0,rubric-regions
ea3468a71a3cab51,https://www.ukrinform.ua/rubric-regions/3766878-na-mikolaivsini-ppo-znisila-rozviduvalnij-bezpilotnik-rosian.html,P0,rubric-regions
5c405a73241cfe8c,https://www.ukrinform.ua/rubric-regions/3779075-zagrozi-dla-zitta-postrazdalih-vid-rosijskoi-ataki-na-hmelniccinu-nemae-ova.html,P0,rubric-regions
74f81410caec0a37,https://www.ukrinform.ua/rubric-regions/3787716-u-poltavi-poprosalisa-z-patma-zagiblimi-voinami.html,P1,rubric-regions
6871703358092748,https://www.ukrinform.ua/rubric-regions/3794963-na-kiivsini-zaarestuvali-colovika-za-zgvaltuvanna-devatiricnoi-donki.html,P1,rubric-regions
422271778919c598,https://www.ukrinform.ua/rubric-regions/3802780-u-poltavi-vidkrili-centr-pidtrimki-ditej-barnahus.html,P1,rubric-regions
70a8d4340ad55fec,https://www.ukrinform.ua/rubric-regions/3806929-dvoe-z-poranenih-pid-cas-raketnogo-obstrilu-odesi-u-tazkomu-stani.html,P1,rubric-regions
341e0ed234b0630f,https://www.ukrinform.ua/rubric-regions/3808349-internet-tilki-za-pasportom-rosii-zagarbniki-hocut-posiliti-kontrol-za-zitelami-tot.html,P1,rubric-regions
051e498ce44e8690,https://www.ukrinform.ua/rubric-regions/3812436-u-mariupoli-ta-bila-mista-kilkist-rosijskih-vijskovih-baz-zrosla-na-50-andrusenko.html,P1,rubric-regions
d28a25693ed71d7b,https://www.ukrinform.ua/rubric-regions/3822744-na-poltavsini-molod-ucat-keruvati-dronami-obladnanna-pridbala-ova.html,P1,rubric-regions
908154c6a80a8ce9,https://www.ukrinform.ua/rubric-regions/3824586-gromadskij-prostir-v-ivanofrankivsku-artproekt-ludi-gra-u-svit-gromad-ta-voenni-komiksi.html,P1,rubric-regions
972083525554e399,https://www.ukrinform.ua/rubric-regions/3828375-rosiani-za-dobu-atakuvali-10-oblastej-ukraini-zvedenna-ova.html,P1,rubric-regions
e5cd13ca61e0db37,https://www.ukrinform.ua/rubric-regions/3839607-u-sumah-zpid-zavaliv-ratuvalniki-distali-tilo-se-odnogo-zagiblogo.html,P1,rubric-regions
02c1b84f64fdfb9d,https://www.ukrinform.ua/rubric-regions/3841464-u-zakarpatskomu-tck-prokomentuvali-sprobu-samogubstva-colovika.html,P1,rubric-regions
cb69cd64d481f84b,https://www.ukrinform.ua/rubric-regions/3843008-ukrainu-v-patnicu-progrie-do-12.html,P1,rubric-regions
9ca2faab2a37639c,https://www.ukrinform.ua/rubric-regions/3843527-zdavav-lokacii-oboronnih-zavodiv-rosijskij-agent-otrimav-15-rokiv-vaznici.html,P1,rubric-regions
2e4e15ce7acb0f6e,https://www.ukrinform.ua/rubric-regions/3845004-na-vidnovlenna-energopostacanna-u-harkovi-znadobitsa-do-14-dniv-golova-ukrenergo.html,P1,rubric-regions
84bf8de8f4bd67f9,https://www.ukrinform.ua/rubric-regions/3851916-rosiani-za-dobu-obstrilali-devat-oblastej-ukraini.html,P1,rubric-regions
3924a62f9c4b5f8e,https://www.ukrinform.ua/rubric-regions/3853337-u-cernigovi-pisla-raketnoi-ataki-e-nagalna-potreba-u-donorskij-krovi.html,P1,rubric-regions
f677c0e01d7a1ad6,https://www.ukrinform.ua/rubric-regions/3853649-na-prikarpatti-pid-cas-blagodijnogo-aukcionu-zibrali-ponad-200-tisac-dla-zsu.html,P1,rubric-regions
54b23a0d7bda6e3f,https://www.ukrinform.ua/rubric-regions/3855268-rosiani-obstrilali-zupinku-u-dniprovskomu-rajoni-hersona-poranena-zinka.html,P1,rubric-regions
0c43e2e8e0f4a764,https://www.ukrinform.ua/rubric-regions/4011290-na-poltavsini-ulamki-vorozih-droniv-travmuvali-dvoh-ludej.html,P2,rubric-regions
addf35f8da262e18,https://www.ukrinform.ua/rubric-regions/4012948-mikolaiv-atakuut-bezpilotniki-u-misti-prolunav-vibuh.html,P2,rubric-regions
2a7d230079b05826,https://www.ukrinform.ua/rubric-regions/4013273-na-harkivsini-viruut-26-pozez-v-ekosistemah-iz-nih-pat-lisovi.html,P2,rubric-regions
6200f0f6a2767589,https://www.ukrinform.ua/rubric-regions/4013479-u-hersoni-vnaslidok-ataki-droniv-poraneni-dvoe-civilnih-odin-u-tazkomu-stani.html,P2,rubric-regions
567c221f5a5e615c,https://www.ukrinform.ua/rubric-regions/4013850-armia-rf-vranci-atakuvala-gromadu-na-sumsini-sistma-bpla-e-poskodzenna.html,P2,rubric-regions
55ce2fb6167c2e70,https://www.ukrinform.ua/rubric-regions/4015460-na-harkivsini-minuloi-dobi-cerez-rosijski-udari-dvoe-ludej-zaginuli-patero-postrazdali.html,P2,rubric-regions
328f6631c67c94b8,https://www.ukrinform.ua/rubric-regions/4018642-na-sumsini-viavili-tilo-znikloi-17ricnoi-divcini-z-oznakami-nasilnickoi-smerti.html,P2,rubric-regions
c61b9a228deda917,https://www.ukrinform.ua/rubric-regions/4020363-u-krimu-zrostae-popit-na-ukrainski-dokumenti-pravozahisnik.html,P2,rubric-regions
f554b75f81d8757c,https://www.ukrinform.ua/rubric-regions/4029658-dbr-ogolosilo-pidozru-vijskovij-z-poltavsini-aka-zamist-sluzbi-vidpocivala-za-kordonom.html,P2,rubric-regions
c74e2e6c9cf91c1e,https://www.ukrinform.ua/rubric-regions/4030503-u-kievi-vidnovili-ruh-transportu-na-glibocickomu-proizdi-pisla-obstrilu.html,P2,rubric-regions
0bbd13f019c75f0b,https://www.ukrinform.ua/rubric-regions/4030922-vorog-protagom-dna-atakuvav-dnipropetrovsinu-dronami-ta-z-artilerii-e-postrazdalij.html,P2,rubric-regions
1461b82f4610b63f,https://www.ukrinform.ua/rubric-regions/4030935-roboti-trivaut-majze-rik-na-hersonsini-vstanovluut-antidronovi-sitki-na-dorogi.html,P2,rubric-regions
bcd5705ee92d132f,https://www.ukrinform.ua/rubric-regions/4031279-vorog-unoci-atakuvav-energeticnu-infrastrukturu-na-odesini-bez-svitla-29-tisac-spozivaciv.html,P2,rubric-regions
5c5f28c2eb61ee8a,https://www.ukrinform.ua/rubric-regions/4031674-v-ukraini-zavtra-perevazno-bez-opadiv-miscami-do-32.html,P2,rubric-regions
3ef429766cf4b95b,https://www.ukrinform.ua/rubric-regions/4033100-sud-zobovazav-kp-poltavavodokanal-kompensuvati-12-miljona-zbitkiv-za-zabrudnenna-ricki.html,P2,rubric-regions
83564935dca3f883,https://www.ukrinform.ua/rubric-regions/4034351-na-timcasovo-okupovanomu-zaporizzi-peresliduvatimut-vlasnikiv-ukrainskih-teleanten-cns.html,P2,rubric-regions
d39b05989b028916,https://www.ukrinform.ua/rubric-regions/4035219-rosiani-vnoci-vdarili-dronami-po-selisu-na-doneccini-poskodzeni-budinki-ta-avtivki.html,P2,rubric-regions
40eeed4e8f667ec5,https://www.ukrinform.ua/rubric-regions/4037859-u-krivomu-rozi-za-cas-vijni-vid-obstriliv-zaginuli-16-ditej.html,P2,rubric-regions
0693a14478b59617,https://www.ukrinform.ua/rubric-regions/4039097-rosiani-vdarili-po-kostantinivci-e-poranenij.html,P2,rubric-regions
3691490ec34145f1,https://www.ukrinform.ua/rubric-regions/4041528-na-hersonsini-kriticno-brakue-medikiv-dla-likuvanna-politravm-v-deficiti-vuzkoprofilni-specialisti.html,P2,rubric-regions
296f5400156cd0a1,https://www.ukrinform.ua/rubric-regions/4041802-u-mera-z-lvivsini-sud-konfiskuvav-audi-q7-2023-roku-vipusku.html,P2,rubric-regions
5287eced4c189c0f,https://www.ukrinform.ua/rubric-regions/4051973-na-hersonsini-zaviduvacci-polikliniki-povidomili-pidozru-u-falsifikacii-medogladu-vijskovih.html,P2,rubric-regions
8cfd12ac5c5aa61e,https://www.ukrinform.ua/rubric-regions/4053718-zatrimanna-krimskih-tatarok-u-moskalkovoi-prijnali-zvernenna-ake-pidpisali-65-tisac-ludej.html,P2,rubric-regions
758ce7be82bb645a,https://www.ukrinform.ua/rubric-regions/4054757-rosiani-minuloi-dobi-atakuvali-sim-naselenih-punktiv-harkivsini-cetvero-postrazdalih.html,P2,rubric-regions
d3f781392a7b5653,https://www.ukrinform.ua/rubric-regions/4063103-danskij-volonter-peredav-u-herson-devatu-furu-z-ribalskimi-sitkami.html,P2,rubric-regions
eeeb966f122425cd,https://www.ukrinform.ua/rubric-regions/4063640-u-cernivcah-pidpalili-sadgirsku-sinagogu-pidozruvanogo-zatrimali-posol-izrailu.html,P2,rubric-regions
cdcef6744ef50451,https://www.ukrinform.ua/rubric-regions/4063977-rosiani-znovu-vdarili-po-kriticnij-infrastrukturi-hersona-mozlivi-pereboi-zi-svitlom-ta-vodou.html,P2,rubric-regions
937c6908c4fbf73f,https://www.ukrinform.ua/rubric-regions/4068723-u-poltavi-dostrokovo-pripinili-povnovazenna-troh-zastupnikiv-golovi-oblradi.html,P2,rubric-regions
23503a0c5824d15e,https://www.ukrinform.ua/rubric-society/3720241-ukrainskogo-volontera-aroslava-zuka-katuut-u-rostovskomu-sizo-lubinec.html,P0,rubric-society
957f8d007cf75983,https://www.ukrinform.ua/rubric-society/3744755-ukrainci-ne-zmozut-deklaruvati-vijskovu-zbrou-mvs.html,P0,rubric-society
df70c23db439c2ce,https://www.ukrinform.ua/rubric-society/3745168-vitalij-portnikov-zurnalist-laureat-sevcenkivskoi-premii.html,P0,rubric-society
f31cef093394d02a,https://www.ukrinform.ua/rubric-society/3748800-youtube-posilue-borotbu-z-fejkami-pro-likuvanna-raku.html,P0,rubric-society
1ea4830360f115f4,https://www.ukrinform.ua/rubric-society/3750743-papa-francisk-zaklikav-molitisa-za-ukrainu.html,P0,rubric-society
a4b2391bcb0d124c,https://www.ukrinform.ua/rubric-society/3755121-minosviti-zatverdilo-programu-dla-ukrainskih-ditej-aki-navcautsa-u-zakordonnih-skolah.html,P0,rubric-society
d13b8e32282e522d,https://www.ukrinform.ua/rubric-society/3757816-u-zaporizzi-povidomili-pro-pidozru-kerivniku-vijskkomatu-pidroblav-dokumenti.html,P0,rubric-society
499e103d861b0608,https://www.ukrinform.ua/rubric-society/3758369-ne-publicni-deklaracii-cinovnikiv-pid-cas-vijni-comu-suspilstvo-proti.html,P0,rubric-society
03e539896b2b0cdf,https://www.ukrinform.ua/rubric-society/3762851-clenom-doradcoi-grupi-ekspertiv-vid-radi-suddiv-priznacili-aroslava-romanuka.html,P0,rubric-society
9e7967bfad694daf,https://www.ukrinform.ua/rubric-society/3766510-v-evropi-perebuvae-blizko-4-miljoniv-ukrainskih-gromadan.html,P0,rubric-society
b017d1abb18af2d4,https://www.ukrinform.ua/rubric-society/3789466-bilsist-veteraniv-potrebuut-materialnoi-ta-medicnoi-pidtrimki.html,P1,rubric-society
a8ee84b00bf18a33,https://www.ukrinform.ua/rubric-society/3791641-v-ukraini-startuvala-akcia-proti-domasnogo-nasilstva.html,P1,rubric-society
1a751c657685d316,https://www.ukrinform.ua/rubric-society/3793619-v-ukraini-sformuvali-reestr-zasudzenih-za-zlocini-stosovno-ditej-na-seksualnomu-grunti.html,P1,rubric-society
2ab83496f5c4e6e4,https://www.ukrinform.ua/rubric-society/3805980-znakovi-foto-2023-roku-vid-ukrinformu.html,P1,rubric-society
94b7e8487dc2e410,https://www.ukrinform.ua/rubric-society/3815136-u-rnbo-poasnili-naviso-rosia-posirue-fejki-pro-mobilizaciu-zinok-i-pidlitkiv-v-ukraini.html,P1,rubric-society
638ba0160d35efe6,https://www.ukrinform.ua/rubric-society/3817730-pri-zakupivelnih-agenciah-minoboroni-zavlatsa-nagladovi-radi-za-ucasti-miznarodnih-partneriv.html,P1,rubric-society
a8518a1c6eb21ece,https://www.ukrinform.ua/rubric-society/3827090-cud-u-serbii-povernuv-na-novij-rozglad-spravu-eksgenerala-sbu-naumova.html,P1,rubric-society
de6607a53efd3e46,https://www.ukrinform.ua/rubric-society/3827787-vikradav-personalni-dani-inozemciv-dbr-ogolosilo-pidozru-kiberzlocincu.html,P1,rubric-society
1df8ba9898ee9794,https://www.ukrinform.ua/rubric-society/3838840-u-drezdeni-vidkrili-vistavku-pro-hmelnickij-do-i-pisla-povnomasstabnogo-vtorgnenna.html,P1,rubric-society
0c4c4389e64289f1,https://www.ukrinform.ua/rubric-society/3853891-v-ukraini-posiluut-zahodi-epidemicnogo-nagladu-ta-reaguvanna-na-vipadki-holeri.html,P1,rubric-society
9f9df86e3f913631,https://www.ukrinform.ua/rubric-society/3856322-genkonsulstvo-ukraini-u-lublini-ponovilo-vidacu-pasportiv-oformlenih-do-23-kvitna.html,P1,rubric-society
d95a1ff90173deb6,https://www.ukrinform.ua/rubric-society/4010476-ukraina-posilit-spivpracu-z-evropolom-u-hodi-reformuvanna-organiv-pravoporadku-mvs.html,P2,rubric-society
60197f5762140f3e,https://www.ukrinform.ua/rubric-society/4026070-v-ukraini-viavili-drugij-vipadok-novogo-subvariantu-koronavirusu-nimbus.html,P2,rubric-society
7414978afbb93bcb,https://www.ukrinform.ua/rubric-society/4026967-v-ukraini-nemae-oznak-epidemii-koronavirusu-lasko.html,P2,rubric-society
86ca26ed4013112c,https://www.ukrinform.ua/rubric-society/4026970-vciteli-nastupnogo-roku-prodovzat-otrimuvati-2000-griven-doplati-lisovij.html,P2,rubric-society
69d8ae911ba64b98,https://www.ukrinform.ua/rubric-society/4029098-iz-rosijskogo-polonu-zvilnili-lvivskogo-medika-iz-gospitaleriv.html,P2,rubric-society
2876735d51c41f2b,https://www.ukrinform.ua/rubric-society/4030418-cerez-rosijsku-ataku-deaki-poizdi-zatrimuutsa-do-troh-godin-ukrzaliznica.html,P2,rubric-society
2146e97000a31c13,https://www.ukrinform.ua/rubric-society/4034749-akademia-sbu-posilue-prakticnu-orientaciu-ta-spivpracu-z-partnerami.html,P2,rubric-society
a624188801e023f4,https://www.ukrinform.ua/rubric-society/4047167-pidburuvanna-do-pidkupu-prokuroriv-sap-ta-suddiv-vaks-sud-obrav-zapobiznij-zahid-advokatu.html,P2,rubric-society
79ef19fd1f702e9e,https://www.ukrinform.ua/rubric-society/4050938-minoboroni-zatverdilo-novi-standarti-kiberzahistu-informacijnih-sistem.html,P2,rubric-society
35c05074f1129f13,https://www.ukrinform.ua/rubric-society/4066643-ukrzaliznica-poperedila-pro-uskladnenna-v-rusi-nizki-poizdiv-cerez-vorozu-ataku.html,P2,rubric-society
a0bb55ecdd04b8ed,https://www.ukrinform.ua/rubric-society/4069788-v-ukraini-zaprovadzuut-porajonne-opovisenna-pro-povitrani-trivogi.html,P2,rubric-society
f0fa844ed120798b,https://www.ukrinform.ua/rubric-tymchasovo-okupovani/3839965-gromadani-derzav-centralnoi-azii-na-tot-golosuvatimut-za-putina-ak-i-resta-miscevih-cns.html,P1,rubric-tymchasovo-okupovani
55f33a35c17b3a69,https://www.ukrinform.ua/rubric-tymchasovo-okupovani/3854950-navkolo-severodonecka-zagarbniki-posilili-perevirki-na-blokpostah.html,P1,rubric-tymchasovo-okupovani
56cf7b047c30128e,https://www.ukrinform.ua/rubric-vidbudova/3710492-u-frn-nazvali-stvorenna-reestru-zbitkiv-vazlivou-bazou-dla-vidbudovi-ukraini.html,P0,rubric-vidbudova
53ee6d8ac6f96d30,https://www.ukrinform.ua/rubric-vidbudova/3716199-do-reestru-poskodzenogo-ta-zrujnovanogo-majna-vze-vnesli-ponad-15-tisac-zaavok-smigal.html,P0,rubric-vidbudova
4df018a93770df52,https://www.ukrinform.ua/rubric-vidbudova/3797082-na-pivnoci-zitomirsini-vidnovili-dva-mosti-zrujnovani-cerez-bojovi-dii.html,P1,rubric-vidbudova
02a409fd42cb9f96,https://www.ukrinform.ua/rubric-vidbudova/3840314-evidnovlenna-zitelam-zitomirsini-viplatat-ponad-100-miljoniv-na-pridbanna-zitla.html,P1,rubric-vidbudova
89d9cebb65c463e4,https://www.ukrinform.ua/rubric-vidbudova/4053548-v-ukraini-do-kinca-roku-posilat-fizicnij-zahist-se-100-energoobektiv.html,P2,rubric-vidbudova
4d1898c53e442edb,https://www.ukrinform.ua/rubric-world/3703225-u-niderlandah-zatrimala-vodia-z-pidroblenim-ukrainskim-posvidcennam-na-ima-borisa-dzonsona.html,P0,rubric-world
86b64a8483b4567d,https://www.ukrinform.ua/rubric-world/3713329-rosia-se-bagato-rokiv-zalisatimetsa-zagrozou-glava-mzs-avstrii.html,P0,rubric-world
63b461b03e719b0b,https://www.ukrinform.ua/rubric-world/3716330-amerikanskij-senator-grem-ocikue-na-uspisnij-ukrainskij-kontrnastup.html,P0,rubric-world
852f3a6c82e7a07a,https://www.ukrinform.ua/rubric-world/3716630-troe-z-cotiroh-zertv-avarii-turisticnogo-covna-v-italii-buli-rozvidnikami.html,P0,rubric-world
7acbe999e30f53ae,https://www.ukrinform.ua/rubric-world/3717480-rosiani-perekinuli-specnaz-u-belgorodsku-oblast-dla-borotbi-z-partizanami-cns.html,P0,rubric-world
cfc384cb260df09c,https://www.ukrinform.ua/rubric-world/3727245-u-nato-lakonicno-prokomentuvali-podii-v-rosii.html,P0,rubric-world
fa10e4423ad3a14a,https://www.ukrinform.ua/rubric-world/3739589-v-indonezii-zatonuv-porom-15-pasaziriv-zaginuli.html,P0,rubric-world
591b7b34f1706ab2,https://www.ukrinform.ua/rubric-world/3742401-do-aponii-nablizaetsa-potuznij-tajfun.html,P0,rubric-world
eaa70b38024ac6f1,https://www.ukrinform.ua/rubric-world/3744146-hunta-u-nigeri-rozirvala-oboronni-ugodi-iz-francieu.html,P0,rubric-world
5c0574c21e48d76b,https://www.ukrinform.ua/rubric-world/3744817-zsuv-gruntu-u-gruzii-zagiblih-vze-17.html,P0,rubric-world
876fb5ae7708dc50,https://www.ukrinform.ua/rubric-world/3751341-tramp-pogodivsa-na-zastavu-v-200-tisac-u-spravi-sodo-spotvorenna-rezultativ-viboriv.html,P0,rubric-world
1016fa036ad0637a,https://www.ukrinform.ua/rubric-world/3754701-zasnovnika-conflict-intelligence-team-u-rf-zaocno-zasudili-do-11-rokiv.html,P0,rubric-world
621a067a9c1d3eb5,https://www.ukrinform.ua/rubric-world/3763211-v-avstrii-perekinuvsa-miznarodnij-avtobus-sered-pasaziriv-e-ukrainci.html,P0,rubric-world
0230d62e12ab7775,https://www.ukrinform.ua/rubric-world/3765300-lavrov-virusit-do-pivnicnoi-korei-rozvivati-domovlenosti-putina-z-kimom.html,P0,rubric-world
c8229f8a45a96159,https://www.ukrinform.ua/rubric-world/3773598-antarktida-vtratila-75-triljona-tonn-lodu-z-1997-roku.html,P0,rubric-world
2ced5a7d9d42d7ae,https://www.ukrinform.ua/rubric-world/3773886-parlament-bolgarii-pidtrimav-nadanna-gruzii-statusu-kandidata-na-vstup-do-es.html,P0,rubric-world
6fce2d7d1988d174,https://www.ukrinform.ua/rubric-world/3775548-stati-zanepokoeni-nebezpecnimi-diami-vijskovih-pilotiv-kitau.html,P0,rubric-world
09d91c0a5d3657a9,https://www.ukrinform.ua/rubric-world/3776096-rosia-vijsla-z-konvencii-radi-evropi-pro-zahist-nacmensin.html,P0,rubric-world
75d086a051d33f5d,https://www.ukrinform.ua/rubric-world/3778596-vijna-v-izraili-genasamblea-oon-zberetsa-na-nadzvicajnu-sesiu.html,P0,rubric-world
b34eebee6580752e,https://www.ukrinform.ua/rubric-world/3781056-izrail-dosag-znacnih-uspihiv-u-hodi-nazemnoi-operacii-v-sektori-gazi-minoboroni.html,P0,rubric-world
b0408fea587cc291,https://www.ukrinform.ua/rubric-world/3785716-polski-nacionalisti-zibrali-u-varsavi-bagatotisacnij-mars.html,P1,rubric-world
2085fd4b0d547b08,https://www.ukrinform.ua/rubric-world/3787290-nimecke-vidavnictvo-pripinilo-prodaz-knig-pro-putina.html,P1,rubric-world
da82f846eefe14a8,https://www.ukrinform.ua/rubric-world/3789809-es-stikaetsa-zi-zrostannam-vorozosti-musulman-cerez-poziciu-sodo-vijni-v-gazi-borrel.html,P1,rubric-world
d585b0ef72458650,https://www.ukrinform.ua/rubric-world/3794249-ssa-mozut-i-maut-zrobiti-bilse-abi-zabezpeciti-ukrainu-generatorami-ta-ppo-bilij-dim.html,P1,rubric-world
4c22b46094ce4c98,https://www.ukrinform.ua/rubric-world/3794396-kolisnij-premer-italii-zaaviv-so-es-mae-stati-derzavou.html,P1,rubric-world
e3c982b31e8597e5,https://www.ukrinform.ua/rubric-world/3799134-bosnijska-stolica-ocolila-svitovij-rejting-zabrudnenna-povitra.html,P1,rubric-world
4ec25e9602499e5e,https://www.ukrinform.ua/rubric-world/3801802-pismennika-akunina-u-rf-ogolosili-teroristom-i-ekstremistom.html,P1,rubric-world
825c3445f10596cc,https://www.ukrinform.ua/rubric-world/3806768-spadkoemica-loreal-stala-stala-persou-zinkou-zi-statkami-ponad-100-milardiv.html,P1,rubric-world
298ea6499f61624f,https://www.ukrinform.ua/rubric-world/3809174-litva-vislovila-rosii-risucij-protest-cerez-masovani-udari-po-ukraini.html,P1,rubric-world
68dd63a1f3cf2145,https://www.ukrinform.ua/rubric-world/3813057-u-aponii-pocalosa-viverzenna-vulkana-otake.html,P1,rubric-world
dd9aa78d9c14aa83,https://www.ukrinform.ua/rubric-world/3816680-cerez-storm-pripinili-spolucenna-z-najbilsimi-tureckimi-ostrovami.html,P1,rubric-world
64fdbade54676cd2,https://www.ukrinform.ua/rubric-world/3818325-u-kolumbii-ogolosili-nadzvicajnij-stan-cerez-lisovi-pozezi.html,P1,rubric-world
64cdf2c5122a6559,https://www.ukrinform.ua/rubric-world/3818598-u-slovaccini-projsli-masstabni-protesti-proti-uradu-fico.html,P1,rubric-world
ca8f2f97efbb33c9,https://www.ukrinform.ua/rubric-world/3826155-tureccina-rozpocala-doslidnicki-navigacijni-roboti-v-antarktici.html,P1,rubric-world
0e6c0cedd8a4cd5e,https://www.ukrinform.ua/rubric-world/3831272-vidsutnist-naslidkiv-dla-kndr-za-peredacu-raket-rf-mogla-dati-zelene-svitlo-dla-iranu-ekspert.html,P1,rubric-world
70a9f3de2fabb9dc,https://www.ukrinform.ua/rubric-world/3842279-finlandia-somij-rik-pospil-utrimue-persist-u-rejtingu-sasta.html,P1,rubric-world
544c0122e297b043,https://www.ukrinform.ua/rubric-world/3849334-gretu-tunberg-zatrimali-na-akcii-protestu-v-gaazi.html,P1,rubric-world
56f1fb909d1632b0,https://www.ukrinform.ua/rubric-world/3850546-rosiani-zatrimali-dezertira-u-virmenii-isw-vvazae-so-ce-viklik-suverenitetu-kraini.html,P1,rubric-world
35d887abba488cd0,https://www.ukrinform.ua/rubric-world/3852893-dopomoga-ssa-dzonson-zrobiv-svij-hid-cogo-cekati-ukraini.html,P1,rubric-world
b3d8bc95197041d4,https://www.ukrinform.ua/rubric-world/4010635-u-rosii-pocalisa-strajki-cerez-neviplatu-zarplat-rozvidka.html,P2,rubric-world
4a13610e129b0bd4,https://www.ukrinform.ua/rubric-world/4019554-u-bolgarii-viruut-lisovi-pozezi-vogon-uze-perekinuvsa-na-serbiu.html,P2,rubric-world
2088aa27e5cea0f0,https://www.ukrinform.ua/rubric-world/4023313-u-trampa-mozut-perenesti-se-na-90-dniv-pidvisenna-tarifiv-dla-kitau.html,P2,rubric-world
34e6e252f8304544,https://www.ukrinform.ua/rubric-world/4024363-mihajlo-goncar-kerivnik-centru-globalistiki-strategia-hhi.html,P2,rubric-world
efe2799fffbce8bd,https://www.ukrinform.ua/rubric-world/4028653-kndr-zaavlae-so-pivdenna-korea-zdijsnila-poperedzuvalni-postrili-po-ii-soldatah.html,P2,rubric-world
048b8b208dc34456,https://www.ukrinform.ua/rubric-world/4034767-katar-obicae-pomstitisa-izrailu-za-udar-po-vatazkah-hamasu-v-dosi.html,P2,rubric-world
a4bfcfcb1e0234b2,https://www.ukrinform.ua/rubric-world/4035924-nimeckij-deputat-provodit-zustrici-v-kievi-mi-maemo-tocno-znati-so-potribno-ukraini.html,P2,rubric-world
b841ecf605be4cbb,https://www.ukrinform.ua/rubric-world/4039387-erdogan-zaaviv-so-ne-virit-u-svidke-zaversenna-vijni-rf-proti-ukraini.html,P2,rubric-world
04ceee1f5d2b943e,https://www.ukrinform.ua/rubric-world/4040377-parlament-kirgizstanu-vperse-v-istorii-progolosuvav-za-samorozpusk.html,P2,rubric-world
44a097415d42789a,https://www.ukrinform.ua/rubric-world/4043971-u-rimi-vandali-poskodili-pamatnik-papi-ivanu-pavlu-ii.html,P2,rubric-world
e76fad4fadf23624,https://www.ukrinform.ua/rubric-world/4045881-u-polsi-posiruut-fejk-pro-pidgotovku-napadu-ukraini.html,P2,rubric-world
6f8aa136c89a21c6,https://www.ukrinform.ua/rubric-world/4048219-tramp-pogrozue-bojovikam-hamasu-znisennam-akso-voni-ne-pripinat-ubivati-ludej.html,P2,rubric-world
fb4120beb545f660,https://www.ukrinform.ua/rubric-world/4053740-britania-zakupit-nimecki-masiniamfibii-na-200-miljoniv.html,P2,rubric-world
89ef88ed9d3b0596,https://www.ukrinform.ua/rubric-world/4054755-u-volgogradskij-oblasti-rf-zaavili-pro-masovanu-ataku-droniv-spalahnula-elektropidstancia.html,P2,rubric-world
41e57c1805f8fcd0,https://www.ukrinform.ua/rubric-world/4055702-nato-e-so-protistaviti-na-aderni-pogrozi-putina-nimeckij-general-u-vidstavci.html,P2,rubric-world
ca7745284b7af39d,https://www.ukrinform.ua/rubric-world/4055816-google-planue-zbuduvati-potuznij-datacentr-na-ostrovi-rizdva-v-indijskomu-okeani-reuters.html,P2,rubric-world
cc2c54d991c2f177,https://www.ukrinform.ua/rubric-world/4059689-indijska-aviakompania-vidnovit-poloti-do-kitau-pisla-majze-sesti-rokiv-perervi.html,P2,rubric-world
6cdf889a239bfe9d,https://www.ukrinform.ua/rubric-world/4061202-pekin-pogrozue-tokio-naslidkami-akso-premerka-aponii-negajno-ne-vipravit-pomilkovih-zaav.html,P2,rubric-world
c25b3b23bf333c42,https://www.ukrinform.ua/rubric-world/4061259-pid-cas-demonstracii-na-aviasou-v-dubai-rozbivsa-indijskij-vinisuvac-pilot-zaginuv.html,P2,rubric-world
61c76d652f718132,https://www.ukrinform.ua/rubric-world/4066258-bilsist-ziteliv-francii-vvazaut-rosiu-vorozou-derzavou.html,P2,rubric-world
871ec6e937768dbd,https://www.ukrinform.ua/rubric-world/4068887-u-tailandi-rozpustili-parlament-na-tli-suticok-iz-kambodzeu.html,P2,rubric-world
